clip,title,prompt
89,establishing de la nodriza,"Style: Satoshi Kon–style anime, cinematic composition, cinematic mood, 2D hand-painted Ghibli touch, fluid motion, film-grade lighting, soft grain. 21:9, 15s. Setting: the location shown in @NaveNodriza — match its architecture, materials, colors; lush, detailed, painterly background. A vast dark cargo bay of an ancient mothership; cold metal ribs, dim amber work-lights, @NaveStella's wrecked hull clamped in mechanical arms like caught prey. Shot/lens: wide establishing of the cavernous bay. Camera: slow drift through the gloom toward the wreck. Light: low amber pools, deep shadow. Action: the camera glides through the immense, silent bay, revealing @NaveStella broken and held in the claws of something far older and bigger than anything on Erdia. Mood: alien, ominous, small. Audio: SFX only — deep hull groans, dripping metal, a low hum. No music. Negative: no blood, no gore, no guns, no on-screen text, no watermark."
90,Stella despierta,"Style: Satoshi Kon–style anime, cinematic composition, cinematic mood, 2D hand-painted Ghibli touch, fluid motion, film-grade lighting, soft grain. 21:9, 15s. Setting: the location shown in @NaveNodriza — match its architecture, materials, colors; lush, detailed, painterly background. The cold bay floor. Characters: @StellaPeloCorto. Props: @Orbe, @LlaveDeLuz. Shot/lens: close on @StellaPeloCorto waking, disoriented. Camera: a slow push as she checks her hand first. Light: dim amber on her face. Action: @StellaPeloCorto jolts awake on the metal floor; before anything else her eyes snap to her palm — the @LlaveDeLuz still glows, the @Orbe still inside — and a flicker of relief crosses her exhausted face. Mood: disoriented, relief, grief beneath. Audio: SFX only — her gasp, distant hull hum. No music. Negative: no blood, no gore, no guns, no on-screen text, no watermark."
90A,el duelo al despertar,"Style: Satoshi Kon–style anime, cinematic composition, cinematic mood, 2D hand-painted Ghibli touch, fluid motion, film-grade lighting, soft grain. 21:9, 15s. Setting: the location shown in @NaveNodriza — match its architecture, materials, colors; lush, detailed, painterly background. Characters: @StellaPeloCorto. Shot/lens: primerísimo plano on her face. Camera: slow push as grief crashes in. Light: dim amber on wet eyes. Action: as she registers where she is, the grief of the escape crashes back over @StellaPeloCorto — her mother, the allies — her face crumpling before she forces it flat, utterly alone in a strange universe. Mood: raw grief, isolation. Audio: SFX only — a caught sob, distant hull hum. No music. Negative: no blood, no gore, no guns, no firearms, no on-screen text, no watermark."
91,aparece Theron,"Style: Satoshi Kon–style anime, cinematic composition, cinematic mood, 2D hand-painted Ghibli touch, fluid motion, film-grade lighting, soft grain. 21:9, 15s. Setting: the location shown in @NaveNodriza — match its architecture, materials, colors; lush, detailed, painterly background. The shadowed bay. Characters: @Theron, @StellaPeloCorto. Shot/lens: a huge shadow resolves into @Theron. Camera: slow push to his unblinking eyes. Light: he steps half into the amber light, ageless and still. Action: a vast shadow shifts in the gloom and @Theron steps forward — tall, of another species, eyes that never blink, centuries worn into his face; @StellaPeloCorto scrambles back on guard. Mood: dread, awe. Audio: SFX only — heavy quiet steps, her sharp breath. No music. Negative: no blood, no gore, no guns, no on-screen text, no watermark."
92,"""I picked you up""","Style: Satoshi Kon–style anime, cinematic composition, cinematic mood, 2D hand-painted Ghibli touch, fluid motion, film-grade lighting, soft grain. 21:9, 15s. Setting: the location shown in @NaveNodriza — match its architecture, materials, colors; lush, detailed, painterly background. Characters: @Theron, @StellaPeloCorto. Shot/lens: shot-reverse between them. Camera: steady, cold. Light: amber on her, shadow on him. Action: @StellaPeloCorto, broken-voiced, asks if he saved her; @Theron answers without warmth. Dialogue (@StellaPeloCorto): ""Where am I? Did you save me?"" — (@Theron): ""No. I picked you up. There's a difference."" Mood: cold, transactional. Audio: SFX only — hull hum, low voices. No music. Negative: no blood, no gore, no guns, no on-screen text, no watermark."
93,"""what shines can be followed""","Style: Satoshi Kon–style anime, cinematic composition, cinematic mood, 2D hand-painted Ghibli touch, fluid motion, film-grade lighting, soft grain. 21:9, 15s. Setting: the location shown in @NaveNodriza — match its architecture, materials, colors; lush, detailed, painterly background. Characters: @Theron, @StellaPeloCorto. Props: @Orbe. Shot/lens: close on Theron eyeing the glow in her hand. Camera: slow push to the Orb's light under her skin. Light: the @Orbe casting glow on both faces. Action: @Theron's gaze locks onto the light pulsing in her palm as he speaks, reading her like a trail rather than a person. Dialogue (@Theron): ""What you carry inside shines. And what shines like that… can be followed."" Mood: predatory calm. Audio: SFX only — low hum, his measured voice. No music. Negative: no blood, no gore, no guns, no on-screen text, no watermark."
94,esconde la mano (es un rastro),"Style: Satoshi Kon–style anime, cinematic composition, cinematic mood, 2D hand-painted Ghibli touch, fluid motion, film-grade lighting, soft grain. 21:9, 15s. Setting: the location shown in @NaveNodriza — match its architecture, materials, colors; lush, detailed, painterly background. Characters: @StellaPeloCorto. Shot/lens: primerísimo plano of her face and fist. Camera: micro push as she closes her hand. Light: amber, the glow hidden as she clenches. Action: @StellaPeloCorto closes her fist over the light and hides it against her chest, a new fear dawning — to him she is not a rescued child but bait. Mood: dawning fear, alone. Audio: SFX only — a held breath, distant hum. No music. Negative: no blood, no gore, no guns, no on-screen text, no watermark."
95,establishing pasillos/bodega,"Style: Satoshi Kon–style anime, cinematic composition, cinematic mood, 2D hand-painted Ghibli touch, fluid motion, film-grade lighting, soft grain. 21:9, 15s. Setting: the location shown in @NodrizaInterior — match its architecture, materials, colors; lush, detailed, painterly background. Cramped, grimy ship corridors and a cluttered hold; a motley crew of strange species eyeing the newcomer. Characters: @StellaPeloCorto, crew (varied aliens). Shot/lens: wide of the hold, crew turning to look. Camera: slow track past hostile faces. Light: harsh work-lights, deep shadows. Action: @StellaPeloCorto moves through the grimy hold under the cold stares of a mismatched alien crew who clearly think she does not belong aboard. Mood: unwelcome, out of place. Audio: SFX only — machinery, low alien murmurs. No music. Negative: no blood, no gore, no guns, no on-screen text, no watermark."
96,la desprecian,"Style: Satoshi Kon–style anime, cinematic composition, cinematic mood, 2D hand-painted Ghibli touch, fluid motion, film-grade lighting, soft grain. 21:9, 15s. Setting: the location shown in @NodrizaInterior — match its architecture, materials, colors; lush, detailed, painterly background. Characters: @StellaPeloCorto, crew. Shot/lens: medium; a plate knocked to the floor. Camera: handheld, dismissive energy. Light: harsh. Action: crew shove past her, ignore her, and a passing hand knocks her food plate to the deck; @StellaPeloCorto watches it scatter, jaw tight. Mood: humiliation, swallowed pride. Audio: SFX only — clatter, jeers. No music. Negative: no blood, no gore, no guns, no on-screen text, no watermark."
96A,se encoge en un rincón,"Style: Satoshi Kon–style anime, cinematic composition, cinematic mood, 2D hand-painted Ghibli touch, fluid motion, film-grade lighting, soft grain. 21:9, 15s. Setting: the location shown in @NodrizaInterior — match its architecture, materials, colors; lush, detailed, painterly background. Characters: @StellaPeloCorto, crew. Shot/lens: wide, small in the corner of the hold. Camera: static, the crew moving around her. Light: harsh work-light, deep shadow. Action: @StellaPeloCorto folds into a corner of the hold, knees up, watching the strange alien crew move around her — bracing, out of place. Mood: small, wary. Audio: SFX only — machinery, low alien murmurs. No music. Negative: no blood, no gore, no guns, no firearms, no on-screen text, no watermark."
97,Vosk la encara,"Style: Satoshi Kon–style anime, cinematic composition, cinematic mood, 2D hand-painted Ghibli touch, fluid motion, film-grade lighting, soft grain. 21:9, 15s. Setting: the location shown in @NodrizaInterior — match its architecture, materials, colors; lush, detailed, painterly background. Characters: @Vosk, @StellaPeloCorto. Shot/lens: low on @Vosk blocking her path, huge. Camera: push up to his sneer. Light: he looms over her. Action: @Vosk — big, scarred — steps into her path and looks her up and down, taunting. Dialogue (@Vosk): ""The boss's pet. The bait that breathes."" Mood: menace, provocation. Audio: SFX only — his low voice, crew murmurs. No music. Negative: no blood, no gore, no guns, no on-screen text, no watermark."
98,el primer golpe,"Style: Satoshi Kon–style anime, cinematic composition, cinematic mood, 2D hand-painted Ghibli touch, fluid motion, film-grade lighting, soft grain. 21:9, 15s. Setting: the location shown in @NodrizaInterior — match its architecture, materials, colors; lush, detailed, painterly background. Characters: @Vosk, @StellaPeloCorto. Shot/lens: medium; she slaps his hand away, he grins and swings. Camera: snap-zoom on the first punch. Motion: very high motion strength, vertiginous and visceral, rapid handheld + whip-pans + impact frames + motion blur, hits land with weight, faces in sharp focus with raw expression. Light: harsh, hard shadows. Action: @StellaPeloCorto smacks his prodding hand aside; @Vosk grins — exactly what he wanted — and throws the first heavy punch. Mood: ignition. Audio: SFX only — a slap, a grunt, the swing. No music. Negative: no blood, no gore, no guns, no on-screen text, no watermark."
99,la pelea,"Style: Satoshi Kon–style anime, cinematic composition, cinematic mood, 2D hand-painted Ghibli touch, fluid motion, film-grade lighting, soft grain. 21:9, 15s. Setting: the location shown in @NodrizaInterior — match its architecture, materials, colors; lush, detailed, painterly background. Characters: @Vosk, @StellaPeloCorto. Shot/lens: dirty brawl, dynamic. Camera: fast handheld in the scuffle. Motion: very high motion strength, vertiginous and visceral, rapid handheld + whip-pans + impact frames + motion blur, hits land with weight, faces in sharp focus with raw expression. Light: harsh work-lights. Action: @StellaPeloCorto is fast and slippery but small; @Vosk is a wall — he absorbs her hits, shrugs them off, and slams her back against the bulkhead. Mood: outmatched, scrappy. Audio: SFX only — body blows, grunts, metal clangs. No music. Negative: no blood, no gore, no guns, no on-screen text, no watermark."
99A,Stella aguanta (acción ×2),"Style: Satoshi Kon–style anime, cinematic composition, cinematic mood, 2D hand-painted Ghibli touch, fluid motion, film-grade lighting, soft grain. 21:9, 15s. Setting: the location shown in @NodrizaInterior — match its architecture, materials, colors; lush, detailed, painterly background. Characters: @StellaPeloCorto, @Vosk. Shot/lens: tight, her ducking and countering. Camera: whip-pans tracking her evasions. Motion: very high motion strength, vertiginous and visceral, rapid handheld + whip-pans + impact frames + motion blur, hits land with weight, faces in sharp focus with raw expression. Light: harsh, sweat catching light. Action: @StellaPeloCorto ducks two haymakers and lands a quick three-hit combo on @Vosk's ribs — it barely moves him, but her face is pure refusal-to-quit; he wipes his mouth, almost impressed. Mood: defiance. Audio: SFX only — rapid blows, breath, a surprised grunt. No music. Negative: no blood, no gore, no guns, no on-screen text, no watermark."
99B,Vosk la estrella,"Style: Satoshi Kon–style anime, cinematic composition, cinematic mood, 2D hand-painted Ghibli touch, fluid motion, film-grade lighting, soft grain. 21:9, 15s. Setting: the location shown in @NodrizaInterior — match its architecture, materials, colors; lush, detailed, painterly background. Characters: @StellaPeloCorto, @Vosk. Shot/lens: tight, he hurls her into the lockers. Camera: whip + impact frame, she rolls clear. Motion: very high motion strength, vertiginous and visceral, rapid handheld + whip-pans + impact frames + motion blur, hits land with weight, faces in sharp focus with raw expression. Light: harsh, sparks. Action: @Vosk catches her mid-combo and hurls @StellaPeloCorto into a wall of lockers; she crashes, rolls clear and comes up in a low crouch, breathing hard but unbroken. Mood: outmatched, unbroken. Audio: SFX only — a heavy slam, a roll, ragged breath. No music. Negative: no blood, no gore, no guns, no firearms, no on-screen text, no watermark."
100,Brog los separa,"Style: Satoshi Kon–style anime, cinematic composition, cinematic mood, 2D hand-painted Ghibli touch, fluid motion, film-grade lighting, soft grain. 21:9, 15s. Setting: the location shown in @NodrizaInterior — match its architecture, materials, colors; lush, detailed, painterly background. Characters: @Brog, @Vosk, @StellaPeloCorto. Shot/lens: a giant stone hand enters frame and lifts Vosk away. Camera: settle as Brog plants between them — a frame of weight. Light: Brog's bulk blocking the light. Action: a massive stone hand closes on @Vosk's shoulder and peels him off effortlessly; @Brog — a silent rock giant — plants himself between them and simply stands there. Mood: sudden calm, protection. Audio: SFX only — heavy stone footfall, Vosk's grunt. No music. Negative: no blood, no gore, no guns, no on-screen text, no watermark."
101,"Nima (""dos formas de romperse"")","Style: Satoshi Kon–style anime, cinematic composition, cinematic mood, 2D hand-painted Ghibli touch, fluid motion, film-grade lighting, soft grain. 21:9, 15s. Setting: the location shown in @NodrizaInterior — match its architecture, materials, colors; lush, detailed, painterly background. A cluttered workbench corner. Characters: @Nima, @StellaPeloCorto, @Brog. Shot/lens: medium on @Nima, four hands working without looking up. Camera: gentle, settling. Light: warm workbench glow. Action: @Nima, four arms busy at once, talks to @StellaPeloCorto without lifting her eyes; @Brog sits down beside the girl in silence. Dialogue (@Nima): ""Don't mind Vosk. He barks so he won't think. Two ways to break, kid — the one that cries, and the one that fixes things at 3am. Guess which I am."" Mood: the first warmth, found family. Audio: SFX only — tools, a soft mechanical hum. No music. Negative: no blood, no gore, no guns, no on-screen text, no watermark."
102,beat silencioso con Brog,"Style: Satoshi Kon–style anime, cinematic composition, cinematic mood, 2D hand-painted Ghibli touch, fluid motion, film-grade lighting, soft grain. 21:9, 15s. Setting: the location shown in @NodrizaInterior — match its architecture, materials, colors; lush, detailed, painterly background. Characters: @Brog, @StellaPeloCorto. Shot/lens: two-shot, the small girl beside the rock giant. Camera: still, quiet. Light: soft warm pool. Action: @StellaPeloCorto sits against @Brog's vast stone side; he doesn't comfort her, just stays — and she lets out a long breath, the first thread of belonging. Mood: quiet, tender. Audio: SFX only — distant ship hum, a slow breath. No music. Negative: no blood, no gore, no guns, no on-screen text, no watermark."
103,la dilatación 1:4,"Style: Satoshi Kon–style anime, cinematic composition, cinematic mood, 2D hand-painted Ghibli touch, fluid motion, film-grade lighting, soft grain. 21:9, 15s. Setting: the location shown in @NodrizaInterior — match its architecture, materials, colors; lush, detailed, painterly background. Characters: @Theron, @StellaPeloCorto. Shot/lens: close two-shot, the cruel truth landing. Camera: slow push to her face as it sinks in. Light: cold. Action: @Theron tells her the worst part flatly; @StellaPeloCorto's face slowly registers the size of it — every day lost here is four lost at home. Dialogue (@Theron): ""Time doesn't run the same here. One year of yours… is four back home."" Mood: dread, a silent clock. Audio: SFX only — low hum, a held breath. No music. Negative: no blood, no gore, no guns, no on-screen text, no watermark."
104,establishing Erdia se pudre,"Style: Satoshi Kon–style anime, cinematic composition, cinematic mood, 2D hand-painted Ghibli touch, fluid motion, film-grade lighting, soft grain. 21:9, 15s. Setting: the location shown in @ErdiaRuinas — match its architecture, materials, colors; lush, detailed, painterly background. RÓTULO ERDIA · AÑO 8. The once-golden city greyed by fog and scaffolds, the luzagua canals running thin and dull, mining smoke smudging the sky. Shot/lens: wide establishing of the decaying city. Camera: slow mournful drift over the rot. Light: grey, smoke-filtered, the gold dying. Action: the camera glides over Erdia eight years on — the warm gold gone grey, light-water guttering, machinery and smoke where gardens used to be. Mood: decay, loss. Audio: SFX only — distant machinery, wind, a thin sick hum. No music. Negative: no blood, no gore, no guns, no on-screen text, no watermark."
104A,la luzagua se apaga,"Style: Satoshi Kon–style anime, cinematic composition, cinematic mood, 2D hand-painted Ghibli touch, fluid motion, film-grade lighting, soft grain. 21:9, 15s. Setting: the location shown in @ErdiaRuinas — match its architecture, materials, colors; lush, detailed, painterly background. Shot/lens: detail of a thin grey light-water canal; a ragged child crouched. Camera: slow drift to the dimming water. Light: grey, the gold dying. Action: a once-bright luzagua canal runs thin and grey; a hungry child watches the light gutter — the planet's slow death in one small image. Mood: quiet rot. Audio: SFX only — trickling water, a thin sick hum. No music. Negative: no blood, no gore, no guns, no firearms, no on-screen text, no watermark."
105,el refugio / Marek,"Style: Satoshi Kon–style anime, cinematic composition, cinematic mood, 2D hand-painted Ghibli touch, fluid motion, film-grade lighting, soft grain. 21:9, 15s. Setting: the location shown in @RefugioResistencia — match its architecture, materials, colors; lush, detailed, painterly background. A hidden refuge of gaunt naieli gathered by lamplight. Characters: @Marek, resistance (varied, not all white-haired). Shot/lens: warm medium on @Marek among his people. Camera: slow push to his face. Light: low warm lamplight. Action: @Marek — warm-voiced, the kind people follow — speaks to a circle of worn, hungry naieli who hang on his hope. Mood: fragile hope. Audio: SFX only — low voices, a crackling lamp. No music. Negative: no blood, no gore, no guns, no on-screen text, no watermark."
105A,las caras de la resistencia,"Style: Satoshi Kon–style anime, cinematic composition, cinematic mood, 2D hand-painted Ghibli touch, fluid motion, film-grade lighting, soft grain. 21:9, 15s. Setting: the location shown in @RefugioResistencia — match its architecture, materials, colors; lush, detailed, painterly background. Characters: resistance (varied, not all white-haired). Shot/lens: montage of gaunt hopeful faces. Camera: slow pushes across faces. Light: low warm lamplight. Action: the camera moves over gaunt, hopeful faces lit by lamplight — varied people, not all white-haired — clinging to @Marek's words. Mood: fragile hope. Audio: SFX only — low voices, a crackling lamp. No music. Negative: no blood, no gore, no guns, no firearms, no on-screen text, no watermark."
106,Marek: ¿una niña vació un planeta?,"Style: Satoshi Kon–style anime, cinematic composition, cinematic mood, 2D hand-painted Ghibli touch, fluid motion, film-grade lighting, soft grain. 21:9, 15s. Setting: the location shown in @RefugioResistencia — match its architecture, materials, colors; lush, detailed, painterly background. Characters: @Marek, resistance. Shot/lens: medium, intercut with nodding faces. Camera: steady. Light: warm lamplight. Action: @Marek plants the doubt that holds them together; the people nod, given a different enemy. Dialogue (@Marek): ""Did a fourteen-year-old empty a whole planet? Or did someone need us to hate someone?"" Mood: quiet defiance. Audio: SFX only — his voice, low agreement. No music. Negative: no blood, no gore, no guns, no on-screen text, no watermark."
107,la figura encapuchada,"Style: Satoshi Kon–style anime, cinematic composition, cinematic mood, 2D hand-painted Ghibli touch, fluid motion, film-grade lighting, soft grain. 21:9, 15s. Setting: the location shown in @RefugioResistencia — match its architecture, materials, colors; lush, detailed, painterly background. Characters: @VeraEncapuchada (face hidden), @Marek. Shot/lens: medium on the hooded figure beside Marek. Camera: slow push that never reveals the face. Light: shadow under the hood, a wisp of white hair catching light. Action: beside @Marek stands a silent @VeraEncapuchada — strong woman's hands, a strand of white hair escaping the hood — face unseen. Mood: mystery. Audio: SFX only — low room tone. No music. Negative: no blood, no gore, no guns, no on-screen text, no watermark."
108,la encapuchada baja la cabeza,"Style: Satoshi Kon–style anime, cinematic composition, cinematic mood, 2D hand-painted Ghibli touch, fluid motion, film-grade lighting, soft grain. 21:9, 15s. Setting: the location shown in @RefugioResistencia — match its architecture, materials, colors; lush, detailed, painterly background. Characters: @VeraEncapuchada (face hidden). Shot/lens: close on the hood and hidden jaw. Camera: held, intimate, withholding. Light: shadow, only the chin and white hair lit. Action: the hooded figure watches @Marek and the people, then lowers her head — a private grief we can't read yet. Mood: withheld sorrow. Audio: SFX only — a soft breath, lamp crackle. No music. Negative: no blood, no gore, no guns, no on-screen text, no watermark."
109,establishing planeta chatarra,"Style: Satoshi Kon–style anime, cinematic composition, cinematic mood, 2D hand-painted Ghibli touch, fluid motion, film-grade lighting, soft grain. 21:9, 15s. Setting: the location shown in @PlanetaChatarra — match its architecture, materials, colors; lush, detailed, painterly background. A junk planet — endless dunes of dead ships and twisted metal under a bruised sky. Characters: @StellaPeloCorto (older, harder), crew. Shot/lens: wide establishing over the scrap dunes. Camera: slow sweep, the crew tiny among wrecks. Light: dusty, overcast. Action: Theron's crew, @StellaPeloCorto now older and harder among them, picks through a vast graveyard of dead ships on a scrap world. Mood: desolate, tense. Audio: SFX only — wind over metal, creaking wrecks. No music. Negative: no blood, no gore, no guns, no on-screen text, no watermark."
109A,la tripulación entre los restos,"Style: Satoshi Kon–style anime, cinematic composition, cinematic mood, 2D hand-painted Ghibli touch, fluid motion, film-grade lighting, soft grain. 21:9, 15s. Setting: the location shown in @PlanetaChatarra — match its architecture, materials, colors; lush, detailed, painterly background. Characters: @StellaPeloCorto, crew. Shot/lens: crew clambering through towering dead hulls. Camera: slow sweep, tiny against the scrap. Light: dusty, overcast. Action: the crew clambers through towering dead hulls, salvaging, tiny against a sky of scrap, @StellaPeloCorto among them. Mood: desolate texture. Audio: SFX only — wind over metal, creaking wrecks. No music. Negative: no blood, no gore, no guns, no firearms, no on-screen text, no watermark."
110,la emboscada,"Style: Satoshi Kon–style anime, cinematic composition, cinematic mood, 2D hand-painted Ghibli touch, fluid motion, film-grade lighting, soft grain. 21:9, 15s. Setting: the location shown in @PlanetaChatarra — match its architecture, materials, colors; lush, detailed, painterly background. Characters: @StellaPeloCorto, @CazadorRecompensas, crew. Shot/lens: sudden wide as bounty hunters spring the trap. Camera: fast whip into chaos. Motion: very high motion strength, vertiginous and visceral, rapid handheld + whip-pans + impact frames + motion blur, hits land with weight, faces in sharp focus with raw expression. Light: dust and energy flashes. Action: local @CazadorRecompensas erupt from the wrecks in an ambush; the crew scatters into chaos and dust. Mood: sudden danger. Audio: SFX only — shouts, energy fire, scrambling. No music. Negative: no blood, no gore, no guns, no on-screen text, no watermark."
111,Stella escondida / cruce de miradas,"Style: Satoshi Kon–style anime, cinematic composition, cinematic mood, 2D hand-painted Ghibli touch, fluid motion, film-grade lighting, soft grain. 21:9, 15s. Setting: the location shown in @PlanetaChatarra — match its architecture, materials, colors; lush, detailed, painterly background. A narrow crevice between wrecks. Characters: @StellaPeloCorto, @Vosk. Shot/lens: she hides; cut to @Vosk seeing her across the field. Camera: tense, still, then a snap between their eyes. Light: shadow over her, dust haze over him. Action: @StellaPeloCorto presses into a crevice, safe and unseen — until @Vosk spots her from across the scrap; their eyes meet and hold. Mood: dread, suspicion. Audio: SFX only — distant fight, her held breath. No music. Negative: no blood, no gore, no guns, no on-screen text, no watermark."
112,la piedra (la traición),"Style: Satoshi Kon–style anime, cinematic composition, cinematic mood, 2D hand-painted Ghibli touch, fluid motion, film-grade lighting, soft grain. 21:9, 15s. Setting: the location shown in @PlanetaChatarra — match its architecture, materials, colors; lush, detailed, painterly background. Characters: @Vosk, @StellaPeloCorto. Shot/lens: insert of Vosk's hand taking a stone; he throws it. Camera: snap to the clang beside her. Light: dusty. Action: @Vosk's hand closes on a rock; he hurls it to clang against the metal right beside her hiding spot — a deliberate, ugly tell. Mood: betrayal. Audio: SFX only — a sharp metal clang. No music. Negative: no blood, no gore, no guns, no on-screen text, no watermark."
113,Vosk la delata,"Style: Satoshi Kon–style anime, cinematic composition, cinematic mood, 2D hand-painted Ghibli touch, fluid motion, film-grade lighting, soft grain. 21:9, 15s. Setting: the location shown in @PlanetaChatarra — match its architecture, materials, colors; lush, detailed, painterly background. Characters: @Vosk, @StellaPeloCorto, @CazadorRecompensas. Shot/lens: Vosk shouting, hunters converging. Camera: whip to the swarm closing on her. Motion: very high motion strength, vertiginous and visceral, rapid handheld + whip-pans + impact frames + motion blur, hits land with weight, faces in sharp focus with raw expression. Light: dust, hard glare. Action: @Vosk points and bellows; @CazadorRecompensas swarm @StellaPeloCorto's position as she bursts up fighting. Dialogue (@Vosk): ""There! The one with the glowing hand! She's worth a fortune!"" Mood: trapped, furious. Audio: SFX only — his shout, rushing feet, a scuffle. No music. Negative: no blood, no gore, no guns, no on-screen text, no watermark."
114,el collar / Vosk también cae,"Style: Satoshi Kon–style anime, cinematic composition, cinematic mood, 2D hand-painted Ghibli touch, fluid motion, film-grade lighting, soft grain. 21:9, 15s. Setting: the location shown in @PlanetaChatarra — match its architecture, materials, colors; lush, detailed, painterly background. Characters: @StellaPeloCorto, @CazadorRecompensas, @Vosk. Props: @CollarControl. Shot/lens: they clamp a collar on her; her suit dies; a net takes Vosk too. Camera: push to her face, then snap to Vosk netted. Light: dusty glare. Action: the hunters clamp a @CollarControl on @StellaPeloCorto and her suit goes dark; the last thing she sees is @Vosk smirking — until a net drops over him too, his grin collapsing. Mood: grim irony. Audio: SFX only — collar snap, power-down whine, Vosk's protest. No music. Negative: no blood, no gore, no guns, no on-screen text, no watermark."
115,establishing la fosa,"Style: Satoshi Kon–style anime, cinematic composition, cinematic mood, 2D hand-painted Ghibli touch, fluid motion, film-grade lighting, soft grain. 21:9, 15s. Setting: the location shown in @FosaApuestas — match its architecture, materials, colors; lush, detailed, painterly background. A grimy betting-station: slave auctions above, a sunken combat pit ringed by roaring, gambling crowds below. Shot/lens: wide establishing of the pit and the mob. Camera: crane down into the arena. Light: harsh spot-glare over the pit, smoky stands. Action: the camera drops into a brutal betting-pit — cages, auction blocks, and a sunken arena ringed by a roaring crowd laying bets on blood. Mood: cruel, electric. Audio: SFX only — a roaring crowd, chains, a barker's call. No music. Negative: no blood, no gore, no guns, no on-screen text, no watermark."
115A,la multitud y las apuestas,"Style: Satoshi Kon–style anime, cinematic composition, cinematic mood, 2D hand-painted Ghibli touch, fluid motion, film-grade lighting, soft grain. 21:9, 15s. Setting: the location shown in @FosaApuestas — match its architecture, materials, colors; lush, detailed, painterly background. Characters: crowd, bookies. Shot/lens: bookies taking frantic bets, the mob baying. Camera: quick whip-pans across the stands. Light: pit-glare, smoke. Action: bookies snatch frantic bets as the mob bays for blood, tokens flashing, faces lit by the pit-glare — the cruelty of the place laid bare. Mood: cruel, electric. Audio: SFX only — a roaring crowd, shouted odds. No music. Negative: no blood, no gore, no guns, no firearms, no on-screen text, no watermark."
116,anuncian a la ladrona,"Style: Satoshi Kon–style anime, cinematic composition, cinematic mood, 2D hand-painted Ghibli touch, fluid motion, film-grade lighting, soft grain. 21:9, 15s. Setting: the location shown in @FosaApuestas — match its architecture, materials, colors; lush, detailed, painterly background. Characters: @StellaPeloCorto (collar on), crowd. Props: @CollarControl. Shot/lens: @StellaPeloCorto alone in the pit, scanning for an exit. Camera: slow orbit, the crowd a blur above. Light: harsh spotlight on her. Action: a barker presents ""the Orb thief, the sector's most wanted""; the crowd roars; @StellaPeloCorto stands in the pit, collar on, eyes hunting for a way out that isn't there. Mood: cornered. Audio: SFX only — a barker over a roaring crowd. No music. Negative: no blood, no gore, no guns, no on-screen text, no watermark."
117,empujan a Noah,"Style: Satoshi Kon–style anime, cinematic composition, cinematic mood, 2D hand-painted Ghibli touch, fluid motion, film-grade lighting, soft grain. 21:9, 15s. Setting: the location shown in @FosaApuestas — match its architecture, materials, colors; lush, detailed, painterly background. Characters: @Noah, @StellaPeloCorto. Shot/lens: the far gate opens; Noah shoved in. Camera: push to him, battered but unbowed. Light: harsh. Action: the opposite gate grinds open and @Noah is shoved into the pit — a battered human with a worn light-blade and eyes that refuse to quit. Mood: tension. Audio: SFX only — gate, shove, crowd swell. No music. Negative: no blood, no gore, no guns, no on-screen text, no watermark."
118,Stella se queda helada,"Style: Satoshi Kon–style anime, cinematic composition, cinematic mood, 2D hand-painted Ghibli touch, fluid motion, film-grade lighting, soft grain. 21:9, 15s. Setting: the location shown in @FosaApuestas — match its architecture, materials, colors; lush, detailed, painterly background. Characters: @StellaPeloCorto, @Noah. Shot/lens: close on her face, recognition. Camera: slow push, the crowd dropping out of focus. Light: spotlight. Action: @StellaPeloCorto freezes — @Noah looks uncannily like her own people, an echo she can't place (the exiled descendants); the noise of the pit falls away for a beat. Mood: uncanny, off-balance. Audio: SFX only — muffled crowd, her breath. No music. Negative: no blood, no gore, no guns, no on-screen text, no watermark."
119,"""I won't kill you for them""","Style: Satoshi Kon–style anime, cinematic composition, cinematic mood, 2D hand-painted Ghibli touch, fluid motion, film-grade lighting, soft grain. 21:9, 15s. Setting: the location shown in @FosaApuestas — match its architecture, materials, colors; lush, detailed, painterly background. Characters: @Noah, @StellaPeloCorto. Shot/lens: Noah raises his blade; she does not. Camera: steady standoff, crowd roaring for blood. Motion: very high motion strength, vertiginous and visceral, rapid handheld + whip-pans + impact frames + motion blur, hits land with weight, faces in sharp focus with raw expression. Light: harsh spot. Action: @Noah lifts his light-blade on guard; @StellaPeloCorto keeps her hands open and refuses, voice low and certain. Dialogue (@StellaPeloCorto): ""I won't kill you for them to clap."" Mood: defiance. Audio: SFX only — bloodthirsty crowd, her steady voice. No music. Negative: no blood, no gore, no guns, no on-screen text, no watermark."
119A,el choque de tanteo (acción ×2),"Style: Satoshi Kon–style anime, cinematic composition, cinematic mood, 2D hand-painted Ghibli touch, fluid motion, film-grade lighting, soft grain. 21:9, 15s. Setting: the location shown in @FosaApuestas — match its architecture, materials, colors; lush, detailed, painterly background. Characters: @Noah, @StellaPeloCorto. Shot/lens: fast exchange — his blade vs her evasions. Camera: circling whip-pans, motion blur of the crowd. Motion: very high motion strength, vertiginous and visceral, rapid handheld + whip-pans + impact frames + motion blur, hits land with weight, faces in sharp focus with raw expression. Light: spot-glare, blade-light streaks. Action: forced to move, @Noah swings and @StellaPeloCorto slips every strike without landing one of her own, the two reading each other mid-fight — challenge turning to respect in a single look. Mood: charged, sizing-up. Audio: SFX only — blade whooshes, fast footwork, crowd roar. No music. Negative: no blood, no gore, no guns, no on-screen text, no watermark."
120,la oferta / se giran contra los guardias,"Style: Satoshi Kon–style anime, cinematic composition, cinematic mood, 2D hand-painted Ghibli touch, fluid motion, film-grade lighting, soft grain. 21:9, 15s. Setting: the location shown in @FosaApuestas — match its architecture, materials, colors; lush, detailed, painterly background. Characters: @StellaPeloCorto, @Noah. Shot/lens: quick two-shot, then a whip to the guards. Camera: snap as they pivot together. Motion: very high motion strength, vertiginous and visceral, rapid handheld + whip-pans + impact frames + motion blur, hits land with weight, faces in sharp focus with raw expression. Light: harsh. Action: a fast exchange of words, a shared decision — and instead of each other, @StellaPeloCorto and @Noah whirl on the pit guards. Dialogue (@Noah): ""Is this a trap?"" — (@StellaPeloCorto): ""An offer."" — (@Noah): ""Then you'll have to help me get out of here."" Mood: alliance forged. Audio: SFX only — quick words, then a charge. No music. Negative: no blood, no gore, no guns, no on-screen text, no watermark."
121,caos / arranca el collar,"Style: Satoshi Kon–style anime, cinematic composition, cinematic mood, 2D hand-painted Ghibli touch, fluid motion, film-grade lighting, soft grain. 21:9, 15s. Setting: the location shown in @FosaApuestas — match its architecture, materials, colors; lush, detailed, painterly background. Characters: @StellaPeloCorto, @Noah. Props: @CollarControl, @Orbe. Shot/lens: she rips the collar; the Orb reignites; back-to-back with Noah. Camera: fast handheld through the breakout. Motion: very high motion strength, vertiginous and visceral, rapid handheld + whip-pans + impact frames + motion blur, hits land with weight, faces in sharp focus with raw expression. Light: sparks, the Orb's flare returning. Action: @StellaPeloCorto tears the @CollarControl off — the @Orbe blazes back to life in her hand — and she and @Noah fight back-to-back as the pit erupts into a breakout. Mood: explosive momentum. Audio: SFX only — collar snapping, surge of light, brawl. No music. Negative: no blood, no gore, no guns, no on-screen text, no watermark."
121A,el Orbe se desata (acción ×2),"Style: Satoshi Kon–style anime, cinematic composition, cinematic mood, 2D hand-painted Ghibli touch, fluid motion, film-grade lighting, soft grain. 21:9, 15s. Setting: the location shown in @FosaApuestas — match its architecture, materials, colors; lush, detailed, painterly background. Characters: @StellaPeloCorto. Props: @Orbe. Shot/lens: wide as a burst of light throws back a wave of guards. Camera: the blast shoves the camera back; impact frame. Motion: very high motion strength, vertiginous and visceral, rapid handheld + whip-pans + impact frames + motion blur, hits land with weight, faces in sharp focus with raw expression. Light: a huge flare of luzagua light. Action: @StellaPeloCorto channels the @Orbe for the first time in a fight — a raw, uncontrolled burst of light flings a wave of guards off their feet; the recoil rocks her, and her own face flashes with shock at her power. Mood: raw power, awe and fear. Audio: SFX only — a building hum, a thunderous discharge. No music. Negative: no blood, no gore, no guns, no on-screen text, no watermark."
122,Brog y Nima rompen la pared,"Style: Satoshi Kon–style anime, cinematic composition, cinematic mood, 2D hand-painted Ghibli touch, fluid motion, film-grade lighting, soft grain. 21:9, 15s. Setting: the location shown in @FosaApuestas — match its architecture, materials, colors; lush, detailed, painterly background. Characters: @Brog, @Nima, @StellaPeloCorto. Shot/lens: the outer wall bursts inward; Brog leads. Camera: whip to the breach, dust and light. Motion: very high motion strength, vertiginous and visceral, rapid handheld + whip-pans + impact frames + motion blur, hits land with weight, faces in sharp focus with raw expression. Light: daylight blasting through the new hole. Action: the outer wall caves in as @Brog smashes through with @Nima behind — Theron sent for her; daylight and dust pour into the pit. Mood: rescue, relief. Audio: SFX only — wall shattering, Nima shouting. No music. Negative: no blood, no gore, no guns, no on-screen text, no watermark."
122A,Brog y Nima arrasan,"Style: Satoshi Kon–style anime, cinematic composition, cinematic mood, 2D hand-painted Ghibli touch, fluid motion, film-grade lighting, soft grain. 21:9, 15s. Setting: the location shown in @FosaApuestas — match its architecture, materials, colors; lush, detailed, painterly background. Characters: @Brog, @Nima. Shot/lens: Brog wading through guards, Nima's gadgets. Camera: fast handheld through the breach. Motion: very high motion strength, vertiginous and visceral, rapid handheld + whip-pans + impact frames + motion blur, hits land with weight, faces in sharp focus with raw expression. Light: dust, sparks, daylight. Action: @Brog wades through pit-guards like a landslide while @Nima's four arms hurl improvised gadgets; the breach widens in dust and sparks. Mood: rescue force. Audio: SFX only — crashing bodies, gadget pops, dust. No music. Negative: no blood, no gore, no guns, no firearms, no on-screen text, no watermark."
123,la ejecución de Vosk,"Style: Satoshi Kon–style anime, cinematic composition, cinematic mood, 2D hand-painted Ghibli touch, fluid motion, film-grade lighting, soft grain. 21:9, 15s. Setting: the location shown in @FosaApuestas — match its architecture, materials, colors; lush, detailed, painterly background. An execution platform over the pit. Characters: @Vosk, executioners. Shot/lens: @Vosk on his knees, an energy device at his neck. Camera: push to his face, resigned. Light: harsh overhead. Action: on a platform above the chaos, the pit-owners kneel a used-up prisoner for execution — it is @Vosk, an energy device leveled at the back of his neck. Mood: grim. Audio: SFX only — a charging device, jeers. No music. Negative: no blood, no gore, no guns, no on-screen text, no watermark."
124,Stella va por él,"Style: Satoshi Kon–style anime, cinematic composition, cinematic mood, 2D hand-painted Ghibli touch, fluid motion, film-grade lighting, soft grain. 21:9, 15s. Setting: the location shown in @FosaApuestas — match its architecture, materials, colors; lush, detailed, painterly background. Characters: @StellaPeloCorto, @Noah, @Vosk. Shot/lens: she changes direction toward the platform; Noah yells to go. Camera: fast tracking with her decision. Motion: very high motion strength, vertiginous and visceral, rapid handheld + whip-pans + impact frames + motion blur, hits land with weight, faces in sharp focus with raw expression. Light: chaos, sparks. Action: @StellaPeloCorto sees @Vosk; @Noah screams for her to run for the breach — and she breaks the other way, sprinting straight for the man who sold her. Mood: impulsive grace. Audio: SFX only — Noah's shout, her running, chaos. No music. Negative: no blood, no gore, no guns, no on-screen text, no watermark."
124A,Stella salta hacia la plataforma,"Style: Satoshi Kon–style anime, cinematic composition, cinematic mood, 2D hand-painted Ghibli touch, fluid motion, film-grade lighting, soft grain. 21:9, 15s. Setting: the location shown in @FosaApuestas — match its architecture, materials, colors; lush, detailed, painterly background. Characters: @StellaPeloCorto. Shot/lens: she vaults off a guard and flips over the melee. Camera: fast tracking up the ramp, chaos blurring. Motion: very high motion strength, vertiginous and visceral, rapid handheld + whip-pans + impact frames + motion blur, hits land with weight, faces in sharp focus with raw expression. Light: chaos, firelight. Action: @StellaPeloCorto vaults off a guard's shoulder, flips over the melee and sprints up the execution ramp, the chaos blurring past — pure forward drive toward @Vosk. Mood: kinetic resolve. Audio: SFX only — vault, rushing chaos, her breath. No music. Negative: no blood, no gore, no guns, no firearms, no on-screen text, no watermark."
125,"la salva / ""porque no soy tú""","Style: Satoshi Kon–style anime, cinematic composition, cinematic mood, 2D hand-painted Ghibli touch, fluid motion, film-grade lighting, soft grain. 21:9, 15s. Setting: the location shown in @FosaApuestas — match its architecture, materials, colors; lush, detailed, painterly background. Characters: @StellaPeloCorto, @Vosk. Shot/lens: she breaks the platform, deflects the device, hauls him up. Camera: impact + push to Vosk's stunned face. Motion: very high motion strength, vertiginous and visceral, rapid handheld + whip-pans + impact frames + motion blur, hits land with weight, faces in sharp focus with raw expression. Light: sparks, the deflected energy flaring. Action: @StellaPeloCorto smashes the platform, knocks the energy device aside and drags @Vosk to his feet; he stares at her, uncomprehending. Dialogue (@Vosk): ""I sold you. Why—?"" — (@StellaPeloCorto): ""Because I'm not you."" Mood: grace over vengeance. Audio: SFX only — crashing platform, deflected blast, his stunned breath. No music. Negative: no blood, no gore, no guns, no on-screen text, no watermark."
125A,Vosk quebrado (acción ×2 / reacción),"Style: Satoshi Kon–style anime, cinematic composition, cinematic mood, 2D hand-painted Ghibli touch, fluid motion, film-grade lighting, soft grain. 21:9, 15s. Setting: the location shown in @FosaApuestas — match its architecture, materials, colors; lush, detailed, painterly background. Characters: @Vosk. Shot/lens: primerísimo plano of Vosk's face mid-escape. Camera: tight, chaos blurred behind. Light: firelight from the burning station. Action: for one beat amid the running and the sparks, @Vosk's hard face cracks — something breaking and re-forming behind his eyes as respect is born. Mood: a turning point, internal. Audio: SFX only — muffled chaos, his ragged breath. No music. Negative: no blood, no gore, no guns, no on-screen text, no watermark."
126,escapan / Theron la observa,"Style: Satoshi Kon–style anime, cinematic composition, cinematic mood, 2D hand-painted Ghibli touch, fluid motion, film-grade lighting, soft grain. 21:9, 15s. Setting: the location shown in @FosaApuestas — match its architecture, materials, colors; lush, detailed, painterly background. The station burning behind them. Characters: @StellaPeloCorto, @Noah, @Brog, @Nima, @Vosk, @Theron. Shot/lens: the group escapes; later, Theron watching from afar. Camera: running handheld, then a still wide on Theron. Light: firelight, then the cold of the ship. Action: they all break free as the station burns; later @Theron watches @StellaPeloCorto from a distance — the girl who saved her own betrayer — while @Noah can't take his eyes off her, and she never notices. Mood: earned respect, unspoken. Audio: SFX only — fire, running, then quiet. No music. Negative: no blood, no gore, no guns, no on-screen text, no watermark."
127,establishing planeta de cometas,"Style: Satoshi Kon–style anime, cinematic composition, cinematic mood, 2D hand-painted Ghibli touch, fluid motion, film-grade lighting, soft grain. 21:9, 15s. Setting: the location shown in @PlanetaCometas — match its architecture, materials, colors; lush, detailed, painterly background. A strange beautiful world under a sky streaked with slow comets; soft grass, drifting light, the found family at rest. Characters: @StellaPeloCorto, @Brog, @Nima, @Noah. Shot/lens: wide lyrical establishing under the comet sky. Camera: slow drift, peaceful. Light: soft, comet-glow, warm. Action: the camera drinks in a gentle alien world streaked with comets, the found family camped in its glow — the warmth that balances the dark. Mood: tender respite. Audio: SFX only — soft wind, a crackling fire, distant comet hiss. No music. Negative: no blood, no gore, no guns, no on-screen text, no watermark."
127A,montaje de la familia,"Style: Satoshi Kon–style anime, cinematic composition, cinematic mood, 2D hand-painted Ghibli touch, fluid motion, film-grade lighting, soft grain. 21:9, 15s. Setting: the location shown in @PlanetaCometas — match its architecture, materials, colors; lush, detailed, painterly background. Characters: @StellaPeloCorto, @Brog, @Nima, @Noah. Shot/lens: quick warm montage beats. Camera: gentle drifting cuts. Light: soft comet-glow, firelight. Action: quick warm beats — shared food, repairs by firelight, a rare laugh from @StellaPeloCorto, @Noah watching her — the found family knitting together under the comets. Mood: warmth, respite. Audio: SFX only — fire crackle, low laughter, tools. No music. Negative: no blood, no gore, no guns, no firearms, no on-screen text, no watermark."
128,Brog le enseña su idioma,"Style: Satoshi Kon–style anime, cinematic composition, cinematic mood, 2D hand-painted Ghibli touch, fluid motion, film-grade lighting, soft grain. 21:9, 15s. Setting: the location shown in @PlanetaCometas — match its architecture, materials, colors; lush, detailed, painterly background. By a comet-lit fire. Characters: @Brog, @StellaPeloCorto. Shot/lens: intimate two-shot at the fire. Camera: slow, warm. Light: firelight on stone and skin. Action: @Brog teaches @StellaPeloCorto words of his dead language by the fire; she repeats the ancient sounds and he gives the faint shift that is a mountain's smile. Mood: quiet kinship. Audio: SFX only — fire crackle, low guttural words. No music. Negative: no blood, no gore, no guns, no on-screen text, no watermark."
129,Nima le construye el traje,"Style: Satoshi Kon–style anime, cinematic composition, cinematic mood, 2D hand-painted Ghibli touch, fluid motion, film-grade lighting, soft grain. 21:9, 15s. Setting: the location shown in @PlanetaCometas — match its architecture, materials, colors; lush, detailed, painterly background. Nima's open-air workbench. Characters: @Nima, @StellaPeloCorto. Props: @TrajeNuevo. Shot/lens: Nima's four hands working the new suit. Camera: detail of the craft, then to Stella. Light: warm work-glow. Action: @Nima fits @StellaPeloCorto with a new suit, all four hands working at once, talking as she rivets. Dialogue (@Nima): ""Your old suit was a child's. This one's for whoever's going back into that palace."" Mood: forging a warrior. Audio: SFX only — rivets, tools, a soft hum. No music. Negative: no blood, no gore, no guns, no on-screen text, no watermark."
129A,se prueba el traje nuevo,"Style: Satoshi Kon–style anime, cinematic composition, cinematic mood, 2D hand-painted Ghibli touch, fluid motion, film-grade lighting, soft grain. 21:9, 15s. Setting: the location shown in @PlanetaCometas — match its architecture, materials, colors; lush, detailed, painterly background. Characters: @StellaPeloCorto, @Nima. Props: @TrajeNuevo. Shot/lens: she seals the new suit and stands. Camera: slow push, a transformation. Light: comet-light rimming her. Action: @StellaPeloCorto seals the @TrajeNuevo and stands; in the comet-light she looks older, harder — a transformation from refugee to soldier. Mood: becoming. Audio: SFX only — suit seals clicking, a breath. No music. Negative: no blood, no gore, no guns, no firearms, no on-screen text, no watermark."
130,entrena el Orbe (inestable),"Style: Satoshi Kon–style anime, cinematic composition, cinematic mood, 2D hand-painted Ghibli touch, fluid motion, film-grade lighting, soft grain. 21:9, 15s. Setting: the location shown in @PlanetaCometas — match its architecture, materials, colors; lush, detailed, painterly background. Characters: @StellaPeloCorto. Props: @Orbe, @LlaveDeLuz. Shot/lens: the Orb's light bucking out of control. Camera: handheld kicked by each discharge. Motion: very high motion strength, vertiginous and visceral, rapid handheld + whip-pans + impact frames + motion blur, hits land with weight, faces in sharp focus with raw expression. Light: wild flares of luzagua light. Action: @StellaPeloCorto trains the @Orbe and it fights her — discharges throw her off her feet, blow panels apart; she gets up again, jaw set, frustrated and stubborn. Mood: the grind of mastery. Audio: SFX only — surges, blasts, her falls. No music. Negative: no blood, no gore, no guns, no on-screen text, no watermark."
131,lo canaliza (el río),"Style: Satoshi Kon–style anime, cinematic composition, cinematic mood, 2D hand-painted Ghibli touch, fluid motion, film-grade lighting, soft grain. 21:9, 15s. Setting: the location shown in @PlanetaCometas — match its architecture, materials, colors; lush, detailed, painterly background. Characters: @StellaPeloCorto. Props: @Orbe. Shot/lens: controlled light streaming from her open palm. Camera: slow awe, steadying with her. Light: a clean ribbon of luzagua light. Action: at last @StellaPeloCorto channels it — light flows from her palm in a controlled ribbon, like a river that finally learns to run; her face: hard-won calm. Mood: mastery, grace. Audio: SFX only — a smooth flowing hum. No music. Negative: no blood, no gore, no guns, no on-screen text, no watermark."
131A,la luz controlada (asombro),"Style: Satoshi Kon–style anime, cinematic composition, cinematic mood, 2D hand-painted Ghibli touch, fluid motion, film-grade lighting, soft grain. 21:9, 15s. Setting: the location shown in @PlanetaCometas — match its architecture, materials, colors; lush, detailed, painterly background. Characters: @StellaPeloCorto, @Brog, @Nima. Props: @Orbe. Shot/lens: wider shot, the ribbon of light arcing into the night. Camera: slow awe, steady. Light: a clean bright ribbon of luzagua light. Action: a ribbon of luzagua light arcs gracefully from @StellaPeloCorto's palm into the night, steady and bright; @Brog and @Nima watch, quietly amazed. Mood: grace, hope. Audio: SFX only — a smooth flowing hum. No music. Negative: no blood, no gore, no guns, no firearms, no on-screen text, no watermark."
132,un arma que eligió su causa,"Style: Satoshi Kon–style anime, cinematic composition, cinematic mood, 2D hand-painted Ghibli touch, fluid motion, film-grade lighting, soft grain. 21:9, 15s. Setting: the location shown in @PlanetaCometas — match its architecture, materials, colors; lush, detailed, painterly background. Characters: @StellaPeloCorto. Props: @TrajeNuevo. Shot/lens: primer plano of her face, the comet sky behind. Camera: slow push, resolute. Light: comet-glow rimming her. Action: @StellaPeloCorto in her new suit no longer looks like a survivor but like a weapon that chose its cause; she turns her eyes toward where Erdia lies, far across the dark. Mood: resolve. Audio: SFX only — wind, a low comet hiss. No music. Negative: no blood, no gore, no guns, no on-screen text, no watermark."
132A,INTERCUT — Erdia se pudre más,"Style: Satoshi Kon–style anime, cinematic composition, cinematic mood, 2D hand-painted Ghibli touch, fluid motion, film-grade lighting, soft grain. 21:9, 15s. Setting: the location shown in @ErdiaRuinas — match its architecture, materials, colors; lush, detailed, painterly background. Shot/lens: a brief wordless cut to a greyer, sicker Erdia. Camera: slow mournful drift. Light: grey, smoke, fewer lights. Action: a brief wordless cut to Erdia, greyer and sicker than before — fewer lights, more smoke — the 1:4 clock made flesh: she grows a little, her world dies a lot. Mood: dread, time. Audio: SFX only — distant machinery, a thin hum. No music. Negative: no blood, no gore, no guns, no firearms, no on-screen text, no watermark."
133,"""muéstrame la mano y el Orbe""","Style: Satoshi Kon–style anime, cinematic composition, cinematic mood, 2D hand-painted Ghibli touch, fluid motion, film-grade lighting, soft grain. 21:9, 15s. Setting: the location shown in @NodrizaInterior — match its architecture, materials, colors; lush, detailed, painterly background. The dim bridge of the nodriza, night. Characters: @Theron, @StellaPeloCorto. Props: @Orbe, @LlaveDeLuz. Shot/lens: close as she opens her palm, the Orb exposed. Camera: slow push to the glow. Light: the @Orbe lighting both faces in the dark. Action: @Theron quietly asks; @StellaPeloCorto opens her hand and the @Orbe glows bare between them. Dialogue (@Theron): ""Show me the hand. And the Orb."" Mood: charged trust. Audio: SFX only — low hum, quiet. No music. Negative: no blood, no gore, no guns, no on-screen text, no watermark."
134,"casi lo arranca / ""más útil respirando""","Style: Satoshi Kon–style anime, cinematic composition, cinematic mood, 2D hand-painted Ghibli touch, fluid motion, film-grade lighting, soft grain. 21:9, 15s. Setting: the location shown in @NodrizaInterior — match its architecture, materials, colors; lush, detailed, painterly background. Characters: @Theron, @StellaPeloCorto. Props: @Orbe. Shot/lens: his hand drifts toward the Orb; she holds her breath; he stops. Camera: tense micro push, then release. Light: Orb-glow, his eyes calculating. Action: @Theron's hand moves as if to tear it out; @StellaPeloCorto goes rigid — then he reads how it's woven into her blood and pulls back. Dialogue (@Theron): ""Forcing it out would kill you. You're more useful breathing."" Mood: cold restraint. Audio: SFX only — a held breath, low hum. No music. Negative: no blood, no gore, no guns, no on-screen text, no watermark."
135,describe al Rey inmortal,"Style: Satoshi Kon–style anime, cinematic composition, cinematic mood, 2D hand-painted Ghibli touch, fluid motion, film-grade lighting, soft grain. 21:9, 15s. Setting: the location shown in @NodrizaInterior — match its architecture, materials, colors; lush, detailed, painterly background. Characters: @StellaPeloCorto, @Theron. Shot/lens: close on Theron going very still. Camera: slow push as something kindles behind his eyes. Light: cold, his face half-lit. Action: @StellaPeloCorto describes her King; @Theron goes utterly still — it sounds like his prey — but says nothing. Dialogue (@StellaPeloCorto): ""They say the King is immortal. Never aged. Arrived hundreds of years ago."" Mood: a spark of suspicion. Audio: SFX only — low hum, her voice. No music. Negative: no blood, no gore, no guns, no on-screen text, no watermark."
136,"""los reyes dicen que son eternos""","Style: Satoshi Kon–style anime, cinematic composition, cinematic mood, 2D hand-painted Ghibli touch, fluid motion, film-grade lighting, soft grain. 21:9, 15s. Setting: the location shown in @NodrizaInterior — match its architecture, materials, colors; lush, detailed, painterly background. Characters: @Theron. Shot/lens: Theron alone, staring into the dark after she leaves. Camera: slow push, brooding. Light: a single cold source. Action: @Theron closes the subject, then stays staring into the void, a twenty-thousand-year suspicion stirring awake. Dialogue (@Theron): ""Kings always say they're eternal. Sleep."" Mood: brooding, ancient. Audio: SFX only — deep ship hum. No music. Negative: no blood, no gore, no guns, no on-screen text, no watermark."
137,el proyector,"Style: Satoshi Kon–style anime, cinematic composition, cinematic mood, 2D hand-painted Ghibli touch, fluid motion, film-grade lighting, soft grain. 21:9, 15s. Setting: the location shown in @NodrizaInterior — match its architecture, materials, colors; lush, detailed, painterly background. Stella's small bunk, night. Characters: @Theron, @StellaPeloCorto. Props: @Proyector. Shot/lens: Theron sets a projector down; a cold image blooms. Camera: push into the projector light. Light: the @Proyector's pale glow. Action: @Theron sets a @Proyector on her table and tells her to look; a holographic image blooms in the dark. Dialogue (@Theron): ""A good hunter looks before he discards. You look too."" Mood: ominous gift. Audio: SFX only — projector hum. No music. Negative: no blood, no gore, no guns, no on-screen text, no watermark."
138,Naio esclavo,"Style: Satoshi Kon–style anime, cinematic composition, cinematic mood, 2D hand-painted Ghibli touch, fluid motion, film-grade lighting, soft grain. 21:9, 15s. Setting: the location shown in @NodrizaInterior — match its architecture, materials, colors; lush, detailed, painterly background. Inside the projection. Characters: @NaioEsclavo. Shot/lens: the projected image of Naio, old and chained. Camera: slow push into the hologram. Light: pale projector glow. Action: the projection shows @NaioEsclavo — Stella's father, aged, chained, a slave in a fog-mine. Mood: grief. Audio: SFX only — projector hum, a faint mine drone. No music. Negative: no blood, no gore, no guns, no on-screen text, no watermark."
139,Selka soldado (gris-azul),"Style: Satoshi Kon–style anime, cinematic composition, cinematic mood, 2D hand-painted Ghibli touch, fluid motion, film-grade lighting, soft grain. 21:9, 15s. Setting: the location shown in @NodrizaInterior — match its architecture, materials, colors; lush, detailed, painterly background. Inside the projection. Characters: @SelkaGeneral (grey-blue eyes, scar over her left eye). Shot/lens: the projected image of Selka training, cold. Camera: slow push, chilling. Light: pale glow. Action: the projection shows @SelkaGeneral — no longer a baby, a young soldier training with surgical cold, perfect and empty, the same grey-blue eyes as her mother. Mood: uncanny, sorrow. Audio: SFX only — projector hum. No music. Negative: no blood, no gore, no guns, no on-screen text, no watermark."
139A,primer plano: la General fría,"Style: Satoshi Kon–style anime, cinematic composition, cinematic mood, 2D hand-painted Ghibli touch, fluid motion, film-grade lighting, soft grain. 21:9, 15s. Setting: the location shown in @NodrizaInterior — match its architecture, materials, colors; lush, detailed, painterly background. Characters: @SelkaGeneral (grey-blue eyes, scar over her left eye). Shot/lens: the projection pushes in on Selka's cold face. Camera: slow push into the hologram. Light: pale projector glow. Action: the projection pushes in on @SelkaGeneral's cold, perfect face — a stranger now wearing the baby's features, grey-blue eyes empty. Mood: uncanny sorrow. Audio: SFX only — projector hum. No music. Negative: no blood, no gore, no guns, no firearms, no on-screen text, no watermark."
140,Vera viva (la capucha cae),"Style: Satoshi Kon–style anime, cinematic composition, cinematic mood, 2D hand-painted Ghibli touch, fluid motion, film-grade lighting, soft grain. 21:9, 15s. Setting: the location shown in @NodrizaInterior — match its architecture, materials, colors; lush, detailed, painterly background. Inside the projection. Characters: @VeraEncapuchada (grey-blue eyes) → face revealed. Shot/lens: the hooded leader's hood slips — Vera's face. Camera: slow push to the reveal. Light: pale glow on her grey-blue eyes. Action: in the projection a hooded leader directs the resistance; the hood slips for a second — it is @VeraEncapuchada's face, Vera, alive. Mood: thunderstruck. Audio: SFX only — projector hum. No music. Negative: no blood, no gore, no guns, no on-screen text, no watermark."
141,"""está viva. Mamá está viva.""","Style: Satoshi Kon–style anime, cinematic composition, cinematic mood, 2D hand-painted Ghibli touch, fluid motion, film-grade lighting, soft grain. 21:9, 15s. Setting: the location shown in @NodrizaInterior — match its architecture, materials, colors; lush, detailed, painterly background. Characters: @StellaPeloCorto, @Theron. Shot/lens: primerísimo plano sostenido of her face. Camera: held, barely breathing. Light: projector glow trembling on her. Action: @StellaPeloCorto's hand flies to her mouth, eyes spilling; @Theron watches her from the door like a man about to witness the impossible. Dialogue (@StellaPeloCorto): ""She's alive. Mom's alive."" Mood: shattering hope. Audio: SFX only — projector hum, a caught sob. No music. Negative: no blood, no gore, no guns, no on-screen text, no watermark."
142,establishing minas de niebla,"Style: Satoshi Kon–style anime, cinematic composition, cinematic mood, 2D hand-painted Ghibli touch, fluid motion, film-grade lighting, soft grain. 21:9, 15s. Setting: the location shown in @MinasNiebla — match its architecture, materials, colors; lush, detailed, painterly background. RÓTULO ERDIA · AÑO 14. Fog-drowned mines, columns of shackled slaves, dim lamps in the murk. Characters: @VeraEncapuchada. Shot/lens: wide of the misty mines, the hooded figure slipping through. Camera: slow drift through fog. Light: cold, foggy, lamp-glow. Action: in the fog-mines of Year 14, @VeraEncapuchada slips between columns of slaves, searching face after face. Mood: grim, searching. Audio: SFX only — chains, drips, a low mine drone. No music. Negative: no blood, no gore, no guns, no on-screen text, no watermark."
143,encuentra a Naio,"Style: Satoshi Kon–style anime, cinematic composition, cinematic mood, 2D hand-painted Ghibli touch, fluid motion, film-grade lighting, soft grain. 21:9, 15s. Setting: the location shown in @MinasNiebla — match its architecture, materials, colors; lush, detailed, painterly background. Characters: @VeraEncapuchada (grey-blue eyes), @NaioEsclavo. Shot/lens: she lowers her hood to an old broken man. Camera: intimate, trembling. Light: a single lamp between them. Action: @VeraEncapuchada lowers her hood just enough; @NaioEsclavo stares, unable to believe it. Dialogue (@NaioEsclavo): ""Vera? You died. I saw—"" Mood: disbelief, reunion. Audio: SFX only — chains, his shaking breath. No music. Negative: no blood, no gore, no guns, no on-screen text, no watermark."
144,"""no vayas, es una trampa""","Style: Satoshi Kon–style anime, cinematic composition, cinematic mood, 2D hand-painted Ghibli touch, fluid motion, film-grade lighting, soft grain. 21:9, 15s. Setting: the location shown in @MinasNiebla — match its architecture, materials, colors; lush, detailed, painterly background. Characters: @VeraEncapuchada (grey-blue eyes), @NaioEsclavo. Shot/lens: close two-shot, his plea. Camera: steady, intimate. Light: lamp-glow. Action: @VeraEncapuchada tells him Selka is alive but changed; @NaioEsclavo grips her, begging her not to go. Dialogue (@VeraEncapuchada): ""Selka's alive. But she's not… not her anymore."" — (@NaioEsclavo): ""Don't go. It's a trap. I beg you."" Mood: dread, love. Audio: SFX only — low voices, chains. No music. Negative: no blood, no gore, no guns, no on-screen text, no watermark."
145,"""vuelvo por ti"" / va al palacio","Style: Satoshi Kon–style anime, cinematic composition, cinematic mood, 2D hand-painted Ghibli touch, fluid motion, film-grade lighting, soft grain. 21:9, 15s. Setting: the location shown in @MinasNiebla — match its architecture, materials, colors; lush, detailed, painterly background. Characters: @VeraEncapuchada (grey-blue eyes), @NaioEsclavo. Shot/lens: she takes his face, then leaves into the fog. Camera: push to her resolve, then she recedes; he reaches after. Light: cold fog swallowing her. Action: @VeraEncapuchada cups @NaioEsclavo's face, decided, then turns and vanishes into the fog toward the palace as he reaches uselessly after her. Dialogue (@VeraEncapuchada): ""I'll come back for you. But first I go for my daughter."" Mood: fatal resolve. Audio: SFX only — fading footsteps, fog drone. No music. Negative: no blood, no gore, no guns, no on-screen text, no watermark."
146,establishing aposentos / Marek en la puerta,"Style: Satoshi Kon–style anime, cinematic composition, cinematic mood, 2D hand-painted Ghibli touch, fluid motion, film-grade lighting, soft grain. 21:9, 15s. Setting: the location shown in @AposentosGeneral — match its architecture, materials, colors; lush, detailed, painterly background. The General's cold, perfect quarters — a child raised into a weapon. Characters: @VeraEncapuchada (grey-blue eyes), @Marek, @Korin, @Lessa. Shot/lens: Vera enters; Korin/Lessa cover; Marek at the door. Camera: slow, tense. Light: cold, austere. Action: @VeraEncapuchada slips in while @Korin and @Lessa cover the hall; @Marek stops her at the door with a hand on her shoulder. Dialogue (@Marek): ""I'll watch here. If it goes wrong, run. Bring her back."" Mood: quiet dread. Audio: SFX only — soft steps, a distant patrol. No music. Negative: no blood, no gore, no guns, no on-screen text, no watermark."
147,Selka de espaldas,"Style: Satoshi Kon–style anime, cinematic composition, cinematic mood, 2D hand-painted Ghibli touch, fluid motion, film-grade lighting, soft grain. 21:9, 15s. Setting: the location shown in @AposentosGeneral — match its architecture, materials, colors; lush, detailed, painterly background. Characters: @SelkaGeneral (grey-blue eyes, scar over her left eye), @VeraEncapuchada. Shot/lens: Selka's back, Vera in the doorway. Camera: slow push to Selka. Light: cold, single source. Action: inside, @SelkaGeneral stands with her back turned, knowing she is not alone. Dialogue (@SelkaGeneral): ""I know what you are. A resistance rat. Come to kill me in my sleep?"" Mood: ice. Audio: SFX only — a low room tone. No music. Negative: no blood, no gore, no guns, no on-screen text, no watermark."
148,"Vera baja la capucha / ""traidora""","Style: Satoshi Kon–style anime, cinematic composition, cinematic mood, 2D hand-painted Ghibli touch, fluid motion, film-grade lighting, soft grain. 21:9, 15s. Setting: the location shown in @AposentosGeneral — match its architecture, materials, colors; lush, detailed, painterly background. Characters: @VeraEncapuchada (grey-blue eyes), @SelkaGeneral (grey-blue eyes, scar over her left eye). Shot/lens: Vera lowers her hood; Selka turns, a microsecond tremor. Camera: push to Selka's face, the flicker crushed. Light: cold, both faces lit. Action: @VeraEncapuchada lowers her hood; @SelkaGeneral turns, sees her mother's face — something trembles for a microsecond before the training crushes it flat. Dialogue (@VeraEncapuchada): ""I came for you."" — (@SelkaGeneral): ""Traitor."" Mood: buried recognition. Audio: SFX only — a breath, a blade unsheathing. No music. Negative: no blood, no gore, no guns, no on-screen text, no watermark."
149,Selka ataca / Vera no la hiere,"Style: Satoshi Kon–style anime, cinematic composition, cinematic mood, 2D hand-painted Ghibli touch, fluid motion, film-grade lighting, soft grain. 21:9, 15s. Setting: the location shown in @AposentosGeneral — match its architecture, materials, colors; lush, detailed, painterly background. Characters: @SelkaGeneral (grey-blue eyes, scar over her left eye), @VeraEncapuchada (grey-blue eyes). Shot/lens: Selka attacks; Vera only blocks and retreats. Camera: kinetic but anguished handheld. Motion: very high motion strength, vertiginous and visceral, rapid handheld + whip-pans + impact frames + motion blur, hits land with weight, faces in sharp focus with raw expression. Light: cold, blade-light streaks. Action: @SelkaGeneral attacks in a flurry; @VeraEncapuchada only blocks, parries, gives ground — she cannot bring herself to strike her own daughter. Dialogue (@VeraEncapuchada): ""I won't hurt you. I can't. Look at me."" Mood: a heartbreaking non-fight. Audio: SFX only — blade clashes, ragged breath. No music. Negative: no blood, no gore, no guns, no on-screen text, no watermark."
149A,la no-pelea (detalle),"Style: Satoshi Kon–style anime, cinematic composition, cinematic mood, 2D hand-painted Ghibli touch, fluid motion, film-grade lighting, soft grain. 21:9, 15s. Setting: the location shown in @AposentosGeneral — match its architecture, materials, colors; lush, detailed, painterly background. Characters: @VeraEncapuchada (grey-blue eyes), @SelkaGeneral (grey-blue eyes, scar over her left eye). Shot/lens: detail of Vera absorbing blows on her forearms. Camera: anguished handheld, never striking back. Motion: very high motion strength, vertiginous and visceral, rapid handheld + whip-pans + impact frames + motion blur, hits land with weight, faces in sharp focus with raw expression. Light: cold, blade-light streaks. Action: detail of the duel — @VeraEncapuchada absorbs strike after strike on her forearms, never once hitting back, her face pleading; a mother refusing to harm her child even to survive. Mood: heartbreak. Audio: SFX only — blade clashes on guard, ragged breath. No music. Negative: no blood, no gore, no guns, no firearms, no on-screen text, no watermark."
150,Selka se desarma,"Style: Satoshi Kon–style anime, cinematic composition, cinematic mood, 2D hand-painted Ghibli touch, fluid motion, film-grade lighting, soft grain. 21:9, 15s. Setting: the location shown in @AposentosGeneral — match its architecture, materials, colors; lush, detailed, painterly background. Characters: @SelkaGeneral (grey-blue eyes, scar over her left eye), @VeraEncapuchada (grey-blue eyes). Shot/lens: Selka's arm shaking, the blade lowering. Camera: slow push to her cracking face. Light: cold, softening. Action: faced with someone who refuses to wound her, @SelkaGeneral falters; her arm trembles, the blade drops, something deep in her surrenders. Mood: the crack opening. Audio: SFX only — a trembling breath, the blade lowering. No music. Negative: no blood, no gore, no guns, no on-screen text, no watermark."
151,el abrazo,"Style: Satoshi Kon–style anime, cinematic composition, cinematic mood, 2D hand-painted Ghibli touch, fluid motion, film-grade lighting, soft grain. 21:9, 15s. Setting: the location shown in @AposentosGeneral — match its architecture, materials, colors; lush, detailed, painterly background. Characters: @VeraEncapuchada (grey-blue eyes), @SelkaGeneral (grey-blue eyes, scar over her left eye). Shot/lens: Vera folds her into an embrace. Camera: slow, tender, dread underneath. Light: cold with a fragile warmth. Action: @VeraEncapuchada pulls @SelkaGeneral into her arms and holds her the way mothers do. Dialogue (@VeraEncapuchada): ""Let's go home. You, me, and your father. Let's start over."" Mood: false peace. Audio: SFX only — a soft breath, a held moment. No music. Negative: no blood, no gore, no guns, no on-screen text, no watermark."
151A,la cara de Selka en el abrazo,"Style: Satoshi Kon–style anime, cinematic composition, cinematic mood, 2D hand-painted Ghibli touch, fluid motion, film-grade lighting, soft grain. 21:9, 15s. Setting: the location shown in @AposentosGeneral — match its architecture, materials, colors; lush, detailed, painterly background. Characters: @SelkaGeneral (grey-blue eyes, scar over her left eye), @VeraEncapuchada (grey-blue eyes). Shot/lens: CU of Selka's face over Vera's shoulder. Camera: slow push as a shutter slides down. Light: cold, faces close. Action: CU of @SelkaGeneral's face over @VeraEncapuchada's shoulder in the embrace — confusion, a flicker of longing — then a cold blankness slides down like a shutter. Mood: the turn, chilling. Audio: SFX only — a soft breath, a held beat. No music. Negative: no blood, no gore, no guns, no firearms, no on-screen text, no watermark."
152,la hoja en el abrazo,"Style: Satoshi Kon–style anime, cinematic composition, cinematic mood, 2D hand-painted Ghibli touch, fluid motion, film-grade lighting, soft grain. 21:9, 15s. Setting: the location shown in @AposentosGeneral — match its architecture, materials, colors; lush, detailed, painterly background. Characters: @SelkaGeneral (grey-blue eyes, scar over her left eye), @VeraEncapuchada (grey-blue eyes). Shot/lens: in the embrace, a light-blade drives in; Vera's glow dims. Camera: tight, a single cruel beat. Death by light, no blood. Light: Vera's vital glow guttering to grey. Action: inside the embrace @SelkaGeneral drives a light-blade into @VeraEncapuchada's side; Vera gasps, her warm glow dimming out — no blood, only light leaving her. Dialogue (@VeraEncapuchada, dying — reaching for Selka's face, betrayed and breaking): ""…Selka. Why."" Mood: devastation — a mother dying on her own daughter's face. Audio: SFX only — a soft light-strike, a caught breath. No music. Negative: no blood, no gore, no guns, no on-screen text, no watermark."
153,el susurro (que no oímos),"Style: Satoshi Kon–style anime, cinematic composition, cinematic mood, 2D hand-painted Ghibli touch, fluid motion, film-grade lighting, soft grain. 21:9, 15s. Setting: the location shown in @AposentosGeneral — match its architecture, materials, colors; lush, detailed, painterly background. Characters: @SelkaGeneral (grey-blue eyes, scar over her left eye), @VeraEncapuchada (grey-blue eyes). Shot/lens: primerísimo plano of Selka at Vera's ear. Camera: held, intimate, withholding the words. Light: cold, faces close. Action: @SelkaGeneral holds her mother close and whispers something at her ear we do not hear; @VeraEncapuchada's grey-blue eyes go wide. Mood: unbearable mystery. Audio: SFX only — a whisper too low to parse, a fading breath. No music. Negative: no blood, no gore, no guns, no on-screen text, no watermark."
154,la creen asesina / la nana,"Style: Satoshi Kon–style anime, cinematic composition, cinematic mood, 2D hand-painted Ghibli touch, fluid motion, film-grade lighting, soft grain. 21:9, 15s. Setting: the location shown in @AposentosGeneral — match its architecture, materials, colors; lush, detailed, painterly background. Characters: @SelkaGeneral (grey-blue eyes, scar over her left eye), @VeraEncapuchada (grey-blue eyes), @Korin, @Lessa, @Marek. Shot/lens: from the door, Korin/Lessa see only the killing; Vera dies on Selka's face. Camera: slow pull from the doorway witnesses to Selka standing over the body. Light: cold, a body's warmth fading. Action: from the doorway @Korin and @Lessa see only the General killing her mother; @Marek arrives a second too late, stricken; @VeraEncapuchada dies with @SelkaGeneral's face as her last sight, believing it — and Selka, trembling over the body, begins to hum a lullaby she doesn't remember learning. Mood: the lie sealed, the seed of the climax. Audio: SFX only — a gasp at the door, a faint hummed lullaby. No music. Negative: no blood, no gore, no guns, no on-screen text, no watermark."
